väittämä,yliopisto,tilastovuosi,Vastaajamäärä,Keskiarvo (rahoitusmalli),Keskihajonta,Pisteet
Voin hyvin yliopistossani.,Aalto-yliopisto,2017,967,4.28,0.81,4136
Minun on ollut helppoa löytää opintoihini liittyvää tietoa ja tukea.,Aalto-yliopisto,2017,968,3.78,0.84,3657
Olen ollut  tyytyväinen käytettyihin opetusmenetelmiin.,Aalto-yliopisto,2017,969,3.76,0.77,3648
Koulutukseni on vastannut  sille asetettuja tavoitteita.,Aalto-yliopisto,2017,969,3.75,0.80,3633
Olen ollut tyytyväinen opinto-ohjelmani tarjoamiin vaikutus- ja osallistumismahdollisuuksiin (esim. opetussuunnitteluun osallistuminen ja palautteen antamisen mahdollisuudet).,Aalto-yliopisto,2017,968,3.66,0.90,3547
Opettajilta saamani palaute on auttanut minua opinnoissani.,Aalto-yliopisto,2017,965,3.42,0.90,3301
Olen tyytyväinen omaan opiskeluuni.,Aalto-yliopisto,2017,969,4.02,0.82,3894
Opetus on ollut  mielestäni pääosin laadukasta.,Aalto-yliopisto,2017,968,4.00,0.80,3868
Tarjolla on ollut riittävästi ohjausta opintojen suunnitteluun.,Aalto-yliopisto,2017,969,3.78,0.93,3662
Olen ollut tyytyväinen vuorovaikutukseeni opetushenkilökunnan kanssa.,Aalto-yliopisto,2017,967,3.88,0.81,3749
Koulutuksen myötä kehittynyt osaamiseni vastaa odotuksiani.,Aalto-yliopisto,2017,964,3.89,0.82,3746
"Tarjolla on ollut riittävästi ohjausta kandidaatin tutkielman laatimiseen/opinnäytteen
tekemiseen.",Aalto-yliopisto,2017,970,4.05,0.95,3924
"Ongelmatilanteissa olen tarvittaessa löytänyt henkilön, jolta olen voinut pyytää neuvoa.",Aalto-yliopisto,2017,965,4.10,0.79,3952
Voin hyvin yliopistossani.,Helsingin yliopisto,2017,2047,4.20,0.81,8593
Minun on ollut helppoa löytää opintoihini liittyvää tietoa ja tukea.,Helsingin yliopisto,2017,2046,3.45,0.91,7049
Olen ollut  tyytyväinen käytettyihin opetusmenetelmiin.,Helsingin yliopisto,2017,2043,3.75,0.79,7667
Koulutukseni on vastannut  sille asetettuja tavoitteita.,Helsingin yliopisto,2017,2045,3.74,0.78,7655
Olen ollut tyytyväinen opinto-ohjelmani tarjoamiin vaikutus- ja osallistumismahdollisuuksiin (esim. opetussuunnitteluun osallistuminen ja palautteen antamisen mahdollisuudet).,Helsingin yliopisto,2017,2042,3.43,0.92,6994
Opettajilta saamani palaute on auttanut minua opinnoissani.,Helsingin yliopisto,2017,2042,3.28,0.97,6699
Olen tyytyväinen omaan opiskeluuni.,Helsingin yliopisto,2017,2044,3.95,0.83,8076
Opetus on ollut  mielestäni pääosin laadukasta.,Helsingin yliopisto,2017,2045,4.08,0.80,8349
Tarjolla on ollut riittävästi ohjausta opintojen suunnitteluun.,Helsingin yliopisto,2017,2047,3.18,1.00,6518
Olen ollut tyytyväinen vuorovaikutukseeni opetushenkilökunnan kanssa.,Helsingin yliopisto,2017,2043,3.94,0.87,8055
Koulutuksen myötä kehittynyt osaamiseni vastaa odotuksiani.,Helsingin yliopisto,2017,2043,3.82,0.80,7800
"Tarjolla on ollut riittävästi ohjausta kandidaatin tutkielman laatimiseen/opinnäytteen
tekemiseen.",Helsingin yliopisto,2017,2046,3.89,1.02,7953
"Ongelmatilanteissa olen tarvittaessa löytänyt henkilön, jolta olen voinut pyytää neuvoa.",Helsingin yliopisto,2017,2045,3.84,0.96,7859
Voin hyvin yliopistossani.,Itä-Suomen Yliopisto,2017,1046,4.41,0.70,4610
Minun on ollut helppoa löytää opintoihini liittyvää tietoa ja tukea.,Itä-Suomen Yliopisto,2017,1047,3.87,0.80,4055
Olen ollut  tyytyväinen käytettyihin opetusmenetelmiin.,Itä-Suomen Yliopisto,2017,1047,3.81,0.75,3985
Koulutukseni on vastannut  sille asetettuja tavoitteita.,Itä-Suomen Yliopisto,2017,1046,3.93,0.73,4106
Olen ollut tyytyväinen opinto-ohjelmani tarjoamiin vaikutus- ja osallistumismahdollisuuksiin (esim. opetussuunnitteluun osallistuminen ja palautteen antamisen mahdollisuudet).,Itä-Suomen Yliopisto,2017,1045,3.67,0.86,3840
Opettajilta saamani palaute on auttanut minua opinnoissani.,Itä-Suomen Yliopisto,2017,1048,3.44,0.91,3609
Olen tyytyväinen omaan opiskeluuni.,Itä-Suomen Yliopisto,2017,1047,4.12,0.78,4312
Opetus on ollut  mielestäni pääosin laadukasta.,Itä-Suomen Yliopisto,2017,1048,4.19,0.73,4387
Tarjolla on ollut riittävästi ohjausta opintojen suunnitteluun.,Itä-Suomen Yliopisto,2017,1047,3.72,0.96,3899
Olen ollut tyytyväinen vuorovaikutukseeni opetushenkilökunnan kanssa.,Itä-Suomen Yliopisto,2017,1047,4.13,0.75,4326
Koulutuksen myötä kehittynyt osaamiseni vastaa odotuksiani.,Itä-Suomen Yliopisto,2017,1045,3.92,0.76,4096
"Tarjolla on ollut riittävästi ohjausta kandidaatin tutkielman laatimiseen/opinnäytteen
tekemiseen.",Itä-Suomen Yliopisto,2017,1048,4.04,0.96,4238
"Ongelmatilanteissa olen tarvittaessa löytänyt henkilön, jolta olen voinut pyytää neuvoa.",Itä-Suomen Yliopisto,2017,1048,4.25,0.78,4450
Voin hyvin yliopistossani.,Jyväskylän yliopisto,2017,968,4.33,0.76,4190
Minun on ollut helppoa löytää opintoihini liittyvää tietoa ja tukea.,Jyväskylän yliopisto,2017,966,3.87,0.81,3737
Olen ollut  tyytyväinen käytettyihin opetusmenetelmiin.,Jyväskylän yliopisto,2017,971,3.79,0.78,3678
Koulutukseni on vastannut  sille asetettuja tavoitteita.,Jyväskylän yliopisto,2017,970,3.75,0.75,3634
Olen ollut tyytyväinen opinto-ohjelmani tarjoamiin vaikutus- ja osallistumismahdollisuuksiin (esim. opetussuunnitteluun osallistuminen ja palautteen antamisen mahdollisuudet).,Jyväskylän yliopisto,2017,967,3.77,0.84,3643
Opettajilta saamani palaute on auttanut minua opinnoissani.,Jyväskylän yliopisto,2017,969,3.44,0.93,3332
Olen tyytyväinen omaan opiskeluuni.,Jyväskylän yliopisto,2017,969,4.02,0.82,3900
Opetus on ollut  mielestäni pääosin laadukasta.,Jyväskylän yliopisto,2017,969,4.17,0.72,4038
Tarjolla on ollut riittävästi ohjausta opintojen suunnitteluun.,Jyväskylän yliopisto,2017,970,3.77,1.03,3655
Olen ollut tyytyväinen vuorovaikutukseeni opetushenkilökunnan kanssa.,Jyväskylän yliopisto,2017,970,4.08,0.77,3960
Koulutuksen myötä kehittynyt osaamiseni vastaa odotuksiani.,Jyväskylän yliopisto,2017,970,3.80,0.79,3682
"Tarjolla on ollut riittävästi ohjausta kandidaatin tutkielman laatimiseen/opinnäytteen
tekemiseen.",Jyväskylän yliopisto,2017,969,4.14,0.95,4016
"Ongelmatilanteissa olen tarvittaessa löytänyt henkilön, jolta olen voinut pyytää neuvoa.",Jyväskylän yliopisto,2017,969,4.30,0.79,4166
Voin hyvin yliopistossani.,Lapin yliopisto,2017,382,4.33,0.79,1654
Minun on ollut helppoa löytää opintoihini liittyvää tietoa ja tukea.,Lapin yliopisto,2017,382,3.64,0.86,1389
Olen ollut  tyytyväinen käytettyihin opetusmenetelmiin.,Lapin yliopisto,2017,382,3.59,0.87,1372
Koulutukseni on vastannut  sille asetettuja tavoitteita.,Lapin yliopisto,2017,382,3.77,0.82,1440
Olen ollut tyytyväinen opinto-ohjelmani tarjoamiin vaikutus- ja osallistumismahdollisuuksiin (esim. opetussuunnitteluun osallistuminen ja palautteen antamisen mahdollisuudet).,Lapin yliopisto,2017,380,3.51,0.98,1332
Opettajilta saamani palaute on auttanut minua opinnoissani.,Lapin yliopisto,2017,382,3.30,0.97,1259
Olen tyytyväinen omaan opiskeluuni.,Lapin yliopisto,2017,380,3.95,0.88,1502
Opetus on ollut  mielestäni pääosin laadukasta.,Lapin yliopisto,2017,381,3.91,0.83,1488
Tarjolla on ollut riittävästi ohjausta opintojen suunnitteluun.,Lapin yliopisto,2017,382,3.25,1.02,1240
Olen ollut tyytyväinen vuorovaikutukseeni opetushenkilökunnan kanssa.,Lapin yliopisto,2017,379,3.95,0.89,1498
Koulutuksen myötä kehittynyt osaamiseni vastaa odotuksiani.,Lapin yliopisto,2017,380,3.77,0.83,1434
"Tarjolla on ollut riittävästi ohjausta kandidaatin tutkielman laatimiseen/opinnäytteen
tekemiseen.",Lapin yliopisto,2017,381,3.74,1.03,1424
"Ongelmatilanteissa olen tarvittaessa löytänyt henkilön, jolta olen voinut pyytää neuvoa.",Lapin yliopisto,2017,380,3.94,0.93,1499
Voin hyvin yliopistossani.,Lappeenrannan-Lahden teknillinen yliopisto,2017,335,4.50,0.67,1506
Minun on ollut helppoa löytää opintoihini liittyvää tietoa ja tukea.,Lappeenrannan-Lahden teknillinen yliopisto,2017,337,3.99,0.66,1344
Olen ollut  tyytyväinen käytettyihin opetusmenetelmiin.,Lappeenrannan-Lahden teknillinen yliopisto,2017,335,3.73,0.72,1248
Koulutukseni on vastannut  sille asetettuja tavoitteita.,Lappeenrannan-Lahden teknillinen yliopisto,2017,336,3.86,0.67,1296
Olen ollut tyytyväinen opinto-ohjelmani tarjoamiin vaikutus- ja osallistumismahdollisuuksiin (esim. opetussuunnitteluun osallistuminen ja palautteen antamisen mahdollisuudet).,Lappeenrannan-Lahden teknillinen yliopisto,2017,337,3.83,0.79,1290
Opettajilta saamani palaute on auttanut minua opinnoissani.,Lappeenrannan-Lahden teknillinen yliopisto,2017,337,3.28,0.88,1106
Olen tyytyväinen omaan opiskeluuni.,Lappeenrannan-Lahden teknillinen yliopisto,2017,336,3.98,0.78,1336
Opetus on ollut  mielestäni pääosin laadukasta.,Lappeenrannan-Lahden teknillinen yliopisto,2017,336,4.03,0.72,1354
Tarjolla on ollut riittävästi ohjausta opintojen suunnitteluun.,Lappeenrannan-Lahden teknillinen yliopisto,2017,336,3.97,0.85,1333
Olen ollut tyytyväinen vuorovaikutukseeni opetushenkilökunnan kanssa.,Lappeenrannan-Lahden teknillinen yliopisto,2017,337,4.01,0.80,1351
Koulutuksen myötä kehittynyt osaamiseni vastaa odotuksiani.,Lappeenrannan-Lahden teknillinen yliopisto,2017,336,3.85,0.73,1292
"Tarjolla on ollut riittävästi ohjausta kandidaatin tutkielman laatimiseen/opinnäytteen
tekemiseen.",Lappeenrannan-Lahden teknillinen yliopisto,2017,337,4.25,0.87,1432
"Ongelmatilanteissa olen tarvittaessa löytänyt henkilön, jolta olen voinut pyytää neuvoa.",Lappeenrannan-Lahden teknillinen yliopisto,2017,336,4.32,0.73,1450
Voin hyvin yliopistossani.,Oulun yliopisto,2017,1078,4.25,0.79,4582
Minun on ollut helppoa löytää opintoihini liittyvää tietoa ja tukea.,Oulun yliopisto,2017,1078,3.74,0.85,4028
Olen ollut  tyytyväinen käytettyihin opetusmenetelmiin.,Oulun yliopisto,2017,1077,3.63,0.76,3912
Koulutukseni on vastannut  sille asetettuja tavoitteita.,Oulun yliopisto,2017,1080,3.72,0.76,4017
Olen ollut tyytyväinen opinto-ohjelmani tarjoamiin vaikutus- ja osallistumismahdollisuuksiin (esim. opetussuunnitteluun osallistuminen ja palautteen antamisen mahdollisuudet).,Oulun yliopisto,2017,1077,3.48,0.88,3745
Opettajilta saamani palaute on auttanut minua opinnoissani.,Oulun yliopisto,2017,1077,3.19,0.92,3433
Olen tyytyväinen omaan opiskeluuni.,Oulun yliopisto,2017,1076,3.92,0.88,4223
Opetus on ollut  mielestäni pääosin laadukasta.,Oulun yliopisto,2017,1080,3.94,0.80,4251
Tarjolla on ollut riittävästi ohjausta opintojen suunnitteluun.,Oulun yliopisto,2017,1078,3.60,1.00,3879
Olen ollut tyytyväinen vuorovaikutukseeni opetushenkilökunnan kanssa.,Oulun yliopisto,2017,1077,3.96,0.81,4260
Koulutuksen myötä kehittynyt osaamiseni vastaa odotuksiani.,Oulun yliopisto,2017,1075,3.81,0.77,4095
"Tarjolla on ollut riittävästi ohjausta kandidaatin tutkielman laatimiseen/opinnäytteen
tekemiseen.",Oulun yliopisto,2017,1078,3.94,1.01,4247
"Ongelmatilanteissa olen tarvittaessa löytänyt henkilön, jolta olen voinut pyytää neuvoa.",Oulun yliopisto,2017,1077,4.14,0.84,4462
Voin hyvin yliopistossani.,Svenska handelshögskolan,2017,238,4.36,0.75,1038
Minun on ollut helppoa löytää opintoihini liittyvää tietoa ja tukea.,Svenska handelshögskolan,2017,238,3.87,0.77,921
Olen ollut  tyytyväinen käytettyihin opetusmenetelmiin.,Svenska handelshögskolan,2017,239,3.69,0.75,881
Koulutukseni on vastannut  sille asetettuja tavoitteita.,Svenska handelshögskolan,2017,238,3.80,0.68,904
Olen ollut tyytyväinen opinto-ohjelmani tarjoamiin vaikutus- ja osallistumismahdollisuuksiin (esim. opetussuunnitteluun osallistuminen ja palautteen antamisen mahdollisuudet).,Svenska handelshögskolan,2017,237,3.39,0.87,804
Opettajilta saamani palaute on auttanut minua opinnoissani.,Svenska handelshögskolan,2017,238,3.26,0.89,775
Olen tyytyväinen omaan opiskeluuni.,Svenska handelshögskolan,2017,237,3.96,0.70,939
Opetus on ollut  mielestäni pääosin laadukasta.,Svenska handelshögskolan,2017,238,3.95,0.82,940
Tarjolla on ollut riittävästi ohjausta opintojen suunnitteluun.,Svenska handelshögskolan,2017,237,3.78,0.91,896
Olen ollut tyytyväinen vuorovaikutukseeni opetushenkilökunnan kanssa.,Svenska handelshögskolan,2017,239,3.78,0.79,904
Koulutuksen myötä kehittynyt osaamiseni vastaa odotuksiani.,Svenska handelshögskolan,2017,236,3.87,0.77,913
"Tarjolla on ollut riittävästi ohjausta kandidaatin tutkielman laatimiseen/opinnäytteen
tekemiseen.",Svenska handelshögskolan,2017,239,3.86,1.00,923
"Ongelmatilanteissa olen tarvittaessa löytänyt henkilön, jolta olen voinut pyytää neuvoa.",Svenska handelshögskolan,2017,239,4.08,0.86,975
Voin hyvin yliopistossani.,Taideyliopisto,2017,135,4.11,0.92,555
Minun on ollut helppoa löytää opintoihini liittyvää tietoa ja tukea.,Taideyliopisto,2017,135,3.80,0.86,513
Olen ollut  tyytyväinen käytettyihin opetusmenetelmiin.,Taideyliopisto,2017,135,3.92,0.64,529
Koulutukseni on vastannut  sille asetettuja tavoitteita.,Taideyliopisto,2017,134,3.96,0.76,530
Olen ollut tyytyväinen opinto-ohjelmani tarjoamiin vaikutus- ja osallistumismahdollisuuksiin (esim. opetussuunnitteluun osallistuminen ja palautteen antamisen mahdollisuudet).,Taideyliopisto,2017,135,3.77,0.84,509
Opettajilta saamani palaute on auttanut minua opinnoissani.,Taideyliopisto,2017,134,4.15,0.85,556
Olen tyytyväinen omaan opiskeluuni.,Taideyliopisto,2017,135,4.10,0.79,553
Opetus on ollut  mielestäni pääosin laadukasta.,Taideyliopisto,2017,135,4.33,0.75,584
Tarjolla on ollut riittävästi ohjausta opintojen suunnitteluun.,Taideyliopisto,2017,135,3.95,0.94,533
Olen ollut tyytyväinen vuorovaikutukseeni opetushenkilökunnan kanssa.,Taideyliopisto,2017,135,4.22,0.77,570
Koulutuksen myötä kehittynyt osaamiseni vastaa odotuksiani.,Taideyliopisto,2017,135,3.99,0.78,539
"Tarjolla on ollut riittävästi ohjausta kandidaatin tutkielman laatimiseen/opinnäytteen
tekemiseen.",Taideyliopisto,2017,134,3.97,0.89,532
"Ongelmatilanteissa olen tarvittaessa löytänyt henkilön, jolta olen voinut pyytää neuvoa.",Taideyliopisto,2017,135,4.32,0.85,583
Voin hyvin yliopistossani.,Tampereen yliopisto,2017,1569,4.30,0.76,6741
Minun on ollut helppoa löytää opintoihini liittyvää tietoa ja tukea.,Tampereen yliopisto,2017,1572,3.74,0.84,5874
Olen ollut  tyytyväinen käytettyihin opetusmenetelmiin.,Tampereen yliopisto,2017,1568,3.72,0.75,5831
Koulutukseni on vastannut  sille asetettuja tavoitteita.,Tampereen yliopisto,2017,1570,3.76,0.73,5899
Olen ollut tyytyväinen opinto-ohjelmani tarjoamiin vaikutus- ja osallistumismahdollisuuksiin (esim. opetussuunnitteluun osallistuminen ja palautteen antamisen mahdollisuudet).,Tampereen yliopisto,2017,1569,3.57,0.86,5599
Opettajilta saamani palaute on auttanut minua opinnoissani.,Tampereen yliopisto,2017,1570,3.36,0.89,5279
Olen tyytyväinen omaan opiskeluuni.,Tampereen yliopisto,2017,1572,3.95,0.83,6216
Opetus on ollut  mielestäni pääosin laadukasta.,Tampereen yliopisto,2017,1570,4.03,0.76,6320
Tarjolla on ollut riittävästi ohjausta opintojen suunnitteluun.,Tampereen yliopisto,2017,1570,3.58,1.00,5619
Olen ollut tyytyväinen vuorovaikutukseeni opetushenkilökunnan kanssa.,Tampereen yliopisto,2017,1566,3.98,0.80,6230
Koulutuksen myötä kehittynyt osaamiseni vastaa odotuksiani.,Tampereen yliopisto,2017,1567,3.82,0.78,5986
"Tarjolla on ollut riittävästi ohjausta kandidaatin tutkielman laatimiseen/opinnäytteen
tekemiseen.",Tampereen yliopisto,2017,1571,4.07,0.93,6399
"Ongelmatilanteissa olen tarvittaessa löytänyt henkilön, jolta olen voinut pyytää neuvoa.",Tampereen yliopisto,2017,1568,4.10,0.82,6435
Voin hyvin yliopistossani.,Turun yliopisto,2017,1067,4.32,0.77,4609
Minun on ollut helppoa löytää opintoihini liittyvää tietoa ja tukea.,Turun yliopisto,2017,1070,3.72,0.84,3982
Olen ollut  tyytyväinen käytettyihin opetusmenetelmiin.,Turun yliopisto,2017,1069,3.70,0.80,3958
Koulutukseni on vastannut  sille asetettuja tavoitteita.,Turun yliopisto,2017,1069,3.74,0.74,3998
Olen ollut tyytyväinen opinto-ohjelmani tarjoamiin vaikutus- ja osallistumismahdollisuuksiin (esim. opetussuunnitteluun osallistuminen ja palautteen antamisen mahdollisuudet).,Turun yliopisto,2017,1070,3.46,0.92,3699
Opettajilta saamani palaute on auttanut minua opinnoissani.,Turun yliopisto,2017,1067,3.29,0.94,3509
Olen tyytyväinen omaan opiskeluuni.,Turun yliopisto,2017,1068,3.96,0.80,4232
Opetus on ollut  mielestäni pääosin laadukasta.,Turun yliopisto,2017,1066,4.06,0.77,4324
Tarjolla on ollut riittävästi ohjausta opintojen suunnitteluun.,Turun yliopisto,2017,1068,3.49,0.99,3723
Olen ollut tyytyväinen vuorovaikutukseeni opetushenkilökunnan kanssa.,Turun yliopisto,2017,1067,3.97,0.84,4233
Koulutuksen myötä kehittynyt osaamiseni vastaa odotuksiani.,Turun yliopisto,2017,1067,3.75,0.80,3997
"Tarjolla on ollut riittävästi ohjausta kandidaatin tutkielman laatimiseen/opinnäytteen
tekemiseen.",Turun yliopisto,2017,1069,3.94,0.98,4207
"Ongelmatilanteissa olen tarvittaessa löytänyt henkilön, jolta olen voinut pyytää neuvoa.",Turun yliopisto,2017,1067,4.11,0.85,4383
Voin hyvin yliopistossani.,Vaasan yliopisto,2017,527,4.28,0.78,2255
Minun on ollut helppoa löytää opintoihini liittyvää tietoa ja tukea.,Vaasan yliopisto,2017,527,3.93,0.81,2069
Olen ollut  tyytyväinen käytettyihin opetusmenetelmiin.,Vaasan yliopisto,2017,527,3.71,0.74,1956
Koulutukseni on vastannut  sille asetettuja tavoitteita.,Vaasan yliopisto,2017,528,3.70,0.80,1954
Olen ollut tyytyväinen opinto-ohjelmani tarjoamiin vaikutus- ja osallistumismahdollisuuksiin (esim. opetussuunnitteluun osallistuminen ja palautteen antamisen mahdollisuudet).,Vaasan yliopisto,2017,525,3.58,0.89,1881
Opettajilta saamani palaute on auttanut minua opinnoissani.,Vaasan yliopisto,2017,528,3.27,0.91,1724
Olen tyytyväinen omaan opiskeluuni.,Vaasan yliopisto,2017,526,3.86,0.86,2029
Opetus on ollut  mielestäni pääosin laadukasta.,Vaasan yliopisto,2017,528,3.98,0.82,2099
Tarjolla on ollut riittävästi ohjausta opintojen suunnitteluun.,Vaasan yliopisto,2017,526,3.92,0.93,2063
Olen ollut tyytyväinen vuorovaikutukseeni opetushenkilökunnan kanssa.,Vaasan yliopisto,2017,527,3.98,0.82,2095
Koulutuksen myötä kehittynyt osaamiseni vastaa odotuksiani.,Vaasan yliopisto,2017,524,3.73,0.78,1953
"Tarjolla on ollut riittävästi ohjausta kandidaatin tutkielman laatimiseen/opinnäytteen
tekemiseen.",Vaasan yliopisto,2017,525,3.97,1.01,2084
"Ongelmatilanteissa olen tarvittaessa löytänyt henkilön, jolta olen voinut pyytää neuvoa.",Vaasan yliopisto,2017,527,4.16,0.83,2194
Voin hyvin yliopistossani.,Åbo Akademi,2017,406,4.37,0.77,1775
Minun on ollut helppoa löytää opintoihini liittyvää tietoa ja tukea.,Åbo Akademi,2017,402,3.80,0.85,1529
Olen ollut  tyytyväinen käytettyihin opetusmenetelmiin.,Åbo Akademi,2017,406,3.83,0.80,1556
Koulutukseni on vastannut  sille asetettuja tavoitteita.,Åbo Akademi,2017,405,3.81,0.78,1545
Olen ollut tyytyväinen opinto-ohjelmani tarjoamiin vaikutus- ja osallistumismahdollisuuksiin (esim. opetussuunnitteluun osallistuminen ja palautteen antamisen mahdollisuudet).,Åbo Akademi,2017,406,3.56,0.97,1444
Opettajilta saamani palaute on auttanut minua opinnoissani.,Åbo Akademi,2017,404,3.51,0.94,1417
Olen tyytyväinen omaan opiskeluuni.,Åbo Akademi,2017,402,4.10,0.80,1650
Opetus on ollut  mielestäni pääosin laadukasta.,Åbo Akademi,2017,405,4.09,0.77,1655
Tarjolla on ollut riittävästi ohjausta opintojen suunnitteluun.,Åbo Akademi,2017,402,3.60,0.98,1449
Olen ollut tyytyväinen vuorovaikutukseeni opetushenkilökunnan kanssa.,Åbo Akademi,2017,405,4.13,0.80,1672
Koulutuksen myötä kehittynyt osaamiseni vastaa odotuksiani.,Åbo Akademi,2017,403,3.83,0.80,1544
"Tarjolla on ollut riittävästi ohjausta kandidaatin tutkielman laatimiseen/opinnäytteen
tekemiseen.",Åbo Akademi,2017,406,4.05,0.98,1645
"Ongelmatilanteissa olen tarvittaessa löytänyt henkilön, jolta olen voinut pyytää neuvoa.",Åbo Akademi,2017,405,4.34,0.80,1757
Voin hyvin yliopistossani.,Aalto-yliopisto,2018,1012,4.28,0.79,4329
Minun on ollut helppoa löytää opintoihini liittyvää tietoa ja tukea.,Aalto-yliopisto,2018,1015,3.83,0.82,3884
Olen ollut  tyytyväinen käytettyihin opetusmenetelmiin.,Aalto-yliopisto,2018,1015,3.79,0.76,3850
Koulutukseni on vastannut  sille asetettuja tavoitteita.,Aalto-yliopisto,2018,1013,3.78,0.76,3832
Olen ollut tyytyväinen opinto-ohjelmani tarjoamiin vaikutus- ja osallistumismahdollisuuksiin (esim. opetussuunnitteluun osallistuminen ja palautteen antamisen mahdollisuudet).,Aalto-yliopisto,2018,1015,3.66,0.88,3715
Opettajilta saamani palaute on auttanut minua opinnoissani.,Aalto-yliopisto,2018,1015,3.48,0.88,3529
Olen tyytyväinen omaan opiskeluuni.,Aalto-yliopisto,2018,1016,4.00,0.85,4068
Opetus on ollut  mielestäni pääosin laadukasta.,Aalto-yliopisto,2018,1015,4.09,0.77,4149
Tarjolla on ollut riittävästi ohjausta opintojen suunnitteluun.,Aalto-yliopisto,2018,1015,3.87,0.90,3929
Olen ollut tyytyväinen vuorovaikutukseeni opetushenkilökunnan kanssa.,Aalto-yliopisto,2018,1015,3.96,0.77,4021
Koulutuksen myötä kehittynyt osaamiseni vastaa odotuksiani.,Aalto-yliopisto,2018,1013,3.92,0.78,3976
"Tarjolla on ollut riittävästi ohjausta kandidaatin tutkielman laatimiseen/opinnäytteen
tekemiseen.",Aalto-yliopisto,2018,1014,4.14,0.89,4200
"Ongelmatilanteissa olen tarvittaessa löytänyt henkilön, jolta olen voinut pyytää neuvoa.",Aalto-yliopisto,2018,1014,4.15,0.81,4210
Voin hyvin yliopistossani.,Helsingin yliopisto,2018,1826,4.12,0.83,7524
Minun on ollut helppoa löytää opintoihini liittyvää tietoa ja tukea.,Helsingin yliopisto,2018,1826,3.37,0.93,6151
Olen ollut  tyytyväinen käytettyihin opetusmenetelmiin.,Helsingin yliopisto,2018,1824,3.74,0.81,6816
Koulutukseni on vastannut  sille asetettuja tavoitteita.,Helsingin yliopisto,2018,1822,3.73,0.78,6796
Olen ollut tyytyväinen opinto-ohjelmani tarjoamiin vaikutus- ja osallistumismahdollisuuksiin (esim. opetussuunnitteluun osallistuminen ja palautteen antamisen mahdollisuudet).,Helsingin yliopisto,2018,1825,3.30,0.93,6017
Opettajilta saamani palaute on auttanut minua opinnoissani.,Helsingin yliopisto,2018,1827,3.26,0.95,5951
Olen tyytyväinen omaan opiskeluuni.,Helsingin yliopisto,2018,1825,3.93,0.83,7178
Opetus on ollut  mielestäni pääosin laadukasta.,Helsingin yliopisto,2018,1822,4.08,0.81,7436
Tarjolla on ollut riittävästi ohjausta opintojen suunnitteluun.,Helsingin yliopisto,2018,1823,3.12,0.99,5680
Olen ollut tyytyväinen vuorovaikutukseeni opetushenkilökunnan kanssa.,Helsingin yliopisto,2018,1819,3.87,0.88,7037
Koulutuksen myötä kehittynyt osaamiseni vastaa odotuksiani.,Helsingin yliopisto,2018,1818,3.79,0.81,6891
"Tarjolla on ollut riittävästi ohjausta kandidaatin tutkielman laatimiseen/opinnäytteen
tekemiseen.",Helsingin yliopisto,2018,1823,3.82,1.04,6970
"Ongelmatilanteissa olen tarvittaessa löytänyt henkilön, jolta olen voinut pyytää neuvoa.",Helsingin yliopisto,2018,1825,3.75,0.97,6850
Voin hyvin yliopistossani.,Itä-Suomen Yliopisto,2018,1123,4.32,0.74,4851
Minun on ollut helppoa löytää opintoihini liittyvää tietoa ja tukea.,Itä-Suomen Yliopisto,2018,1125,3.87,0.81,4353
Olen ollut  tyytyväinen käytettyihin opetusmenetelmiin.,Itä-Suomen Yliopisto,2018,1123,3.80,0.73,4264
Koulutukseni on vastannut  sille asetettuja tavoitteita.,Itä-Suomen Yliopisto,2018,1126,3.88,0.73,4365
Olen ollut tyytyväinen opinto-ohjelmani tarjoamiin vaikutus- ja osallistumismahdollisuuksiin (esim. opetussuunnitteluun osallistuminen ja palautteen antamisen mahdollisuudet).,Itä-Suomen Yliopisto,2018,1125,3.60,0.86,4048
Opettajilta saamani palaute on auttanut minua opinnoissani.,Itä-Suomen Yliopisto,2018,1124,3.35,0.91,3771
Olen tyytyväinen omaan opiskeluuni.,Itä-Suomen Yliopisto,2018,1126,4.02,0.79,4521
Opetus on ollut  mielestäni pääosin laadukasta.,Itä-Suomen Yliopisto,2018,1124,4.11,0.73,4620
Tarjolla on ollut riittävästi ohjausta opintojen suunnitteluun.,Itä-Suomen Yliopisto,2018,1125,3.59,0.96,4035
Olen ollut tyytyväinen vuorovaikutukseeni opetushenkilökunnan kanssa.,Itä-Suomen Yliopisto,2018,1123,4.10,0.78,4604
Koulutuksen myötä kehittynyt osaamiseni vastaa odotuksiani.,Itä-Suomen Yliopisto,2018,1122,3.87,0.75,4342
"Tarjolla on ollut riittävästi ohjausta kandidaatin tutkielman laatimiseen/opinnäytteen
tekemiseen.",Itä-Suomen Yliopisto,2018,1123,3.93,1.03,4408
"Ongelmatilanteissa olen tarvittaessa löytänyt henkilön, jolta olen voinut pyytää neuvoa.",Itä-Suomen Yliopisto,2018,1123,4.18,0.82,4696
Voin hyvin yliopistossani.,Jyväskylän yliopisto,2018,939,4.37,0.74,4104
Minun on ollut helppoa löytää opintoihini liittyvää tietoa ja tukea.,Jyväskylän yliopisto,2018,937,3.98,0.80,3726
Olen ollut  tyytyväinen käytettyihin opetusmenetelmiin.,Jyväskylän yliopisto,2018,934,3.86,0.76,3608
Koulutukseni on vastannut  sille asetettuja tavoitteita.,Jyväskylän yliopisto,2018,935,3.91,0.72,3656
Olen ollut tyytyväinen opinto-ohjelmani tarjoamiin vaikutus- ja osallistumismahdollisuuksiin (esim. opetussuunnitteluun osallistuminen ja palautteen antamisen mahdollisuudet).,Jyväskylän yliopisto,2018,935,3.79,0.83,3544
Opettajilta saamani palaute on auttanut minua opinnoissani.,Jyväskylän yliopisto,2018,937,3.47,0.89,3253
Olen tyytyväinen omaan opiskeluuni.,Jyväskylän yliopisto,2018,939,4.02,0.85,3774
Opetus on ollut  mielestäni pääosin laadukasta.,Jyväskylän yliopisto,2018,937,4.22,0.68,3951
Tarjolla on ollut riittävästi ohjausta opintojen suunnitteluun.,Jyväskylän yliopisto,2018,936,3.94,0.98,3692
Olen ollut tyytyväinen vuorovaikutukseeni opetushenkilökunnan kanssa.,Jyväskylän yliopisto,2018,936,4.17,0.74,3899
Koulutuksen myötä kehittynyt osaamiseni vastaa odotuksiani.,Jyväskylän yliopisto,2018,936,3.86,0.80,3615
"Tarjolla on ollut riittävästi ohjausta kandidaatin tutkielman laatimiseen/opinnäytteen
tekemiseen.",Jyväskylän yliopisto,2018,939,4.22,0.93,3959
"Ongelmatilanteissa olen tarvittaessa löytänyt henkilön, jolta olen voinut pyytää neuvoa.",Jyväskylän yliopisto,2018,939,4.35,0.78,4082
Voin hyvin yliopistossani.,Lapin yliopisto,2018,442,4.21,0.80,1859
Minun on ollut helppoa löytää opintoihini liittyvää tietoa ja tukea.,Lapin yliopisto,2018,441,3.56,0.89,1572
Olen ollut  tyytyväinen käytettyihin opetusmenetelmiin.,Lapin yliopisto,2018,442,3.60,0.86,1593
Koulutukseni on vastannut  sille asetettuja tavoitteita.,Lapin yliopisto,2018,441,3.69,0.80,1628
Olen ollut tyytyväinen opinto-ohjelmani tarjoamiin vaikutus- ja osallistumismahdollisuuksiin (esim. opetussuunnitteluun osallistuminen ja palautteen antamisen mahdollisuudet).,Lapin yliopisto,2018,440,3.38,0.92,1487
Opettajilta saamani palaute on auttanut minua opinnoissani.,Lapin yliopisto,2018,441,3.29,0.99,1451
Olen tyytyväinen omaan opiskeluuni.,Lapin yliopisto,2018,440,3.97,0.86,1748
Opetus on ollut  mielestäni pääosin laadukasta.,Lapin yliopisto,2018,441,3.92,0.86,1729
Tarjolla on ollut riittävästi ohjausta opintojen suunnitteluun.,Lapin yliopisto,2018,443,3.20,1.03,1416
Olen ollut tyytyväinen vuorovaikutukseeni opetushenkilökunnan kanssa.,Lapin yliopisto,2018,441,4.01,0.89,1767
Koulutuksen myötä kehittynyt osaamiseni vastaa odotuksiani.,Lapin yliopisto,2018,443,3.77,0.83,1669
"Tarjolla on ollut riittävästi ohjausta kandidaatin tutkielman laatimiseen/opinnäytteen
tekemiseen.",Lapin yliopisto,2018,443,3.81,1.00,1688
"Ongelmatilanteissa olen tarvittaessa löytänyt henkilön, jolta olen voinut pyytää neuvoa.",Lapin yliopisto,2018,442,3.95,0.91,1744
Voin hyvin yliopistossani.,Lappeenrannan-Lahden teknillinen yliopisto,2018,364,4.45,0.65,1621
Minun on ollut helppoa löytää opintoihini liittyvää tietoa ja tukea.,Lappeenrannan-Lahden teknillinen yliopisto,2018,364,3.95,0.76,1438
Olen ollut  tyytyväinen käytettyihin opetusmenetelmiin.,Lappeenrannan-Lahden teknillinen yliopisto,2018,364,3.79,0.68,1381
Koulutukseni on vastannut  sille asetettuja tavoitteita.,Lappeenrannan-Lahden teknillinen yliopisto,2018,364,3.96,0.67,1440
Olen ollut tyytyväinen opinto-ohjelmani tarjoamiin vaikutus- ja osallistumismahdollisuuksiin (esim. opetussuunnitteluun osallistuminen ja palautteen antamisen mahdollisuudet).,Lappeenrannan-Lahden teknillinen yliopisto,2018,364,3.85,0.79,1402
Opettajilta saamani palaute on auttanut minua opinnoissani.,Lappeenrannan-Lahden teknillinen yliopisto,2018,362,3.30,0.84,1193
Olen tyytyväinen omaan opiskeluuni.,Lappeenrannan-Lahden teknillinen yliopisto,2018,363,3.98,0.74,1445
Opetus on ollut  mielestäni pääosin laadukasta.,Lappeenrannan-Lahden teknillinen yliopisto,2018,364,4.06,0.71,1479
Tarjolla on ollut riittävästi ohjausta opintojen suunnitteluun.,Lappeenrannan-Lahden teknillinen yliopisto,2018,363,3.98,0.84,1446
Olen ollut tyytyväinen vuorovaikutukseeni opetushenkilökunnan kanssa.,Lappeenrannan-Lahden teknillinen yliopisto,2018,364,4.09,0.75,1489
Koulutuksen myötä kehittynyt osaamiseni vastaa odotuksiani.,Lappeenrannan-Lahden teknillinen yliopisto,2018,363,3.85,0.75,1396
"Tarjolla on ollut riittävästi ohjausta kandidaatin tutkielman laatimiseen/opinnäytteen
tekemiseen.",Lappeenrannan-Lahden teknillinen yliopisto,2018,362,4.27,0.84,1547
"Ongelmatilanteissa olen tarvittaessa löytänyt henkilön, jolta olen voinut pyytää neuvoa.",Lappeenrannan-Lahden teknillinen yliopisto,2018,362,4.32,0.70,1565
Voin hyvin yliopistossani.,Oulun yliopisto,2018,1376,4.19,0.83,5765
Minun on ollut helppoa löytää opintoihini liittyvää tietoa ja tukea.,Oulun yliopisto,2018,1379,3.72,0.85,5132
Olen ollut  tyytyväinen käytettyihin opetusmenetelmiin.,Oulun yliopisto,2018,1381,3.66,0.79,5056
Koulutukseni on vastannut  sille asetettuja tavoitteita.,Oulun yliopisto,2018,1379,3.75,0.78,5169
Olen ollut tyytyväinen opinto-ohjelmani tarjoamiin vaikutus- ja osallistumismahdollisuuksiin (esim. opetussuunnitteluun osallistuminen ja palautteen antamisen mahdollisuudet).,Oulun yliopisto,2018,1376,3.46,0.90,4763
Opettajilta saamani palaute on auttanut minua opinnoissani.,Oulun yliopisto,2018,1379,3.23,0.93,4457
Olen tyytyväinen omaan opiskeluuni.,Oulun yliopisto,2018,1380,3.94,0.84,5441
Opetus on ollut  mielestäni pääosin laadukasta.,Oulun yliopisto,2018,1377,3.94,0.80,5431
Tarjolla on ollut riittävästi ohjausta opintojen suunnitteluun.,Oulun yliopisto,2018,1374,3.45,0.99,4739
Olen ollut tyytyväinen vuorovaikutukseeni opetushenkilökunnan kanssa.,Oulun yliopisto,2018,1379,3.95,0.81,5447
Koulutuksen myötä kehittynyt osaamiseni vastaa odotuksiani.,Oulun yliopisto,2018,1374,3.82,0.80,5255
"Tarjolla on ollut riittävästi ohjausta kandidaatin tutkielman laatimiseen/opinnäytteen
tekemiseen.",Oulun yliopisto,2018,1373,3.84,0.98,5272
"Ongelmatilanteissa olen tarvittaessa löytänyt henkilön, jolta olen voinut pyytää neuvoa.",Oulun yliopisto,2018,1374,4.08,0.84,5605
Voin hyvin yliopistossani.,Svenska handelshögskolan,2018,238,4.35,0.74,1036
Minun on ollut helppoa löytää opintoihini liittyvää tietoa ja tukea.,Svenska handelshögskolan,2018,238,3.85,0.81,917
Olen ollut  tyytyväinen käytettyihin opetusmenetelmiin.,Svenska handelshögskolan,2018,238,3.67,0.82,873
Koulutukseni on vastannut  sille asetettuja tavoitteita.,Svenska handelshögskolan,2018,238,3.76,0.76,894
Olen ollut tyytyväinen opinto-ohjelmani tarjoamiin vaikutus- ja osallistumismahdollisuuksiin (esim. opetussuunnitteluun osallistuminen ja palautteen antamisen mahdollisuudet).,Svenska handelshögskolan,2018,238,3.53,0.87,840
Opettajilta saamani palaute on auttanut minua opinnoissani.,Svenska handelshögskolan,2018,237,3.35,0.85,795
Olen tyytyväinen omaan opiskeluuni.,Svenska handelshögskolan,2018,237,4.00,0.81,949
Opetus on ollut  mielestäni pääosin laadukasta.,Svenska handelshögskolan,2018,238,3.93,0.83,936
Tarjolla on ollut riittävästi ohjausta opintojen suunnitteluun.,Svenska handelshögskolan,2018,238,3.78,0.88,900
Olen ollut tyytyväinen vuorovaikutukseeni opetushenkilökunnan kanssa.,Svenska handelshögskolan,2018,238,3.85,0.83,917
Koulutuksen myötä kehittynyt osaamiseni vastaa odotuksiani.,Svenska handelshögskolan,2018,237,3.84,0.75,910
"Tarjolla on ollut riittävästi ohjausta kandidaatin tutkielman laatimiseen/opinnäytteen
tekemiseen.",Svenska handelshögskolan,2018,237,3.88,0.97,919
"Ongelmatilanteissa olen tarvittaessa löytänyt henkilön, jolta olen voinut pyytää neuvoa.",Svenska handelshögskolan,2018,236,4.11,0.77,970
Voin hyvin yliopistossani.,Taideyliopisto,2018,150,4.09,0.84,614
Minun on ollut helppoa löytää opintoihini liittyvää tietoa ja tukea.,Taideyliopisto,2018,149,3.81,0.90,568
Olen ollut  tyytyväinen käytettyihin opetusmenetelmiin.,Taideyliopisto,2018,150,3.93,0.71,589
Koulutukseni on vastannut  sille asetettuja tavoitteita.,Taideyliopisto,2018,149,3.97,0.75,591
Olen ollut tyytyväinen opinto-ohjelmani tarjoamiin vaikutus- ja osallistumismahdollisuuksiin (esim. opetussuunnitteluun osallistuminen ja palautteen antamisen mahdollisuudet).,Taideyliopisto,2018,149,3.87,0.84,577
Opettajilta saamani palaute on auttanut minua opinnoissani.,Taideyliopisto,2018,149,4.21,0.71,628
Olen tyytyväinen omaan opiskeluuni.,Taideyliopisto,2018,149,4.13,0.80,616
Opetus on ollut  mielestäni pääosin laadukasta.,Taideyliopisto,2018,150,4.37,0.74,655
Tarjolla on ollut riittävästi ohjausta opintojen suunnitteluun.,Taideyliopisto,2018,149,3.90,0.92,581
Olen ollut tyytyväinen vuorovaikutukseeni opetushenkilökunnan kanssa.,Taideyliopisto,2018,150,4.23,0.74,635
Koulutuksen myötä kehittynyt osaamiseni vastaa odotuksiani.,Taideyliopisto,2018,150,4.03,0.79,605
"Tarjolla on ollut riittävästi ohjausta kandidaatin tutkielman laatimiseen/opinnäytteen
tekemiseen.",Taideyliopisto,2018,150,4.05,0.90,608
"Ongelmatilanteissa olen tarvittaessa löytänyt henkilön, jolta olen voinut pyytää neuvoa.",Taideyliopisto,2018,150,4.43,0.70,665
Voin hyvin yliopistossani.,Tampereen yliopisto,2018,1735,4.34,0.76,7525
Minun on ollut helppoa löytää opintoihini liittyvää tietoa ja tukea.,Tampereen yliopisto,2018,1734,3.72,0.82,6452
Olen ollut  tyytyväinen käytettyihin opetusmenetelmiin.,Tampereen yliopisto,2018,1736,3.75,0.73,6514
Koulutukseni on vastannut  sille asetettuja tavoitteita.,Tampereen yliopisto,2018,1738,3.79,0.73,6594
Olen ollut tyytyväinen opinto-ohjelmani tarjoamiin vaikutus- ja osallistumismahdollisuuksiin (esim. opetussuunnitteluun osallistuminen ja palautteen antamisen mahdollisuudet).,Tampereen yliopisto,2018,1738,3.63,0.86,6301
Opettajilta saamani palaute on auttanut minua opinnoissani.,Tampereen yliopisto,2018,1734,3.40,0.90,5888
Olen tyytyväinen omaan opiskeluuni.,Tampereen yliopisto,2018,1736,3.95,0.84,6854
Opetus on ollut  mielestäni pääosin laadukasta.,Tampereen yliopisto,2018,1736,4.07,0.75,7059
Tarjolla on ollut riittävästi ohjausta opintojen suunnitteluun.,Tampereen yliopisto,2018,1733,3.55,1.00,6154
Olen ollut tyytyväinen vuorovaikutukseeni opetushenkilökunnan kanssa.,Tampereen yliopisto,2018,1737,4.01,0.77,6964
Koulutuksen myötä kehittynyt osaamiseni vastaa odotuksiani.,Tampereen yliopisto,2018,1739,3.81,0.77,6624
"Tarjolla on ollut riittävästi ohjausta kandidaatin tutkielman laatimiseen/opinnäytteen
tekemiseen.",Tampereen yliopisto,2018,1733,4.06,0.93,7033
"Ongelmatilanteissa olen tarvittaessa löytänyt henkilön, jolta olen voinut pyytää neuvoa.",Tampereen yliopisto,2018,1731,4.10,0.84,7089
Voin hyvin yliopistossani.,Turun yliopisto,2018,1197,4.26,0.79,5096
Minun on ollut helppoa löytää opintoihini liittyvää tietoa ja tukea.,Turun yliopisto,2018,1200,3.70,0.87,4442
Olen ollut  tyytyväinen käytettyihin opetusmenetelmiin.,Turun yliopisto,2018,1197,3.71,0.80,4435
Koulutukseni on vastannut  sille asetettuja tavoitteita.,Turun yliopisto,2018,1200,3.75,0.76,4499
Olen ollut tyytyväinen opinto-ohjelmani tarjoamiin vaikutus- ja osallistumismahdollisuuksiin (esim. opetussuunnitteluun osallistuminen ja palautteen antamisen mahdollisuudet).,Turun yliopisto,2018,1200,3.43,0.91,4113
Opettajilta saamani palaute on auttanut minua opinnoissani.,Turun yliopisto,2018,1199,3.30,0.94,3952
Olen tyytyväinen omaan opiskeluuni.,Turun yliopisto,2018,1199,3.90,0.82,4679
Opetus on ollut  mielestäni pääosin laadukasta.,Turun yliopisto,2018,1196,4.05,0.78,4846
Tarjolla on ollut riittävästi ohjausta opintojen suunnitteluun.,Turun yliopisto,2018,1197,3.46,0.95,4136
Olen ollut tyytyväinen vuorovaikutukseeni opetushenkilökunnan kanssa.,Turun yliopisto,2018,1197,3.97,0.80,4749
Koulutuksen myötä kehittynyt osaamiseni vastaa odotuksiani.,Turun yliopisto,2018,1194,3.78,0.80,4517
"Tarjolla on ollut riittävästi ohjausta kandidaatin tutkielman laatimiseen/opinnäytteen
tekemiseen.",Turun yliopisto,2018,1197,3.86,1.02,4616
"Ongelmatilanteissa olen tarvittaessa löytänyt henkilön, jolta olen voinut pyytää neuvoa.",Turun yliopisto,2018,1198,4.06,0.84,4866
Voin hyvin yliopistossani.,Vaasan yliopisto,2018,508,4.31,0.79,2190
Minun on ollut helppoa löytää opintoihini liittyvää tietoa ja tukea.,Vaasan yliopisto,2018,507,3.93,0.78,1995
Olen ollut  tyytyväinen käytettyihin opetusmenetelmiin.,Vaasan yliopisto,2018,507,3.83,0.74,1941
Koulutukseni on vastannut  sille asetettuja tavoitteita.,Vaasan yliopisto,2018,506,3.94,0.73,1993
Olen ollut tyytyväinen opinto-ohjelmani tarjoamiin vaikutus- ja osallistumismahdollisuuksiin (esim. opetussuunnitteluun osallistuminen ja palautteen antamisen mahdollisuudet).,Vaasan yliopisto,2018,506,3.71,0.84,1878
Opettajilta saamani palaute on auttanut minua opinnoissani.,Vaasan yliopisto,2018,508,3.29,0.87,1671
Olen tyytyväinen omaan opiskeluuni.,Vaasan yliopisto,2018,506,3.92,0.84,1981
Opetus on ollut  mielestäni pääosin laadukasta.,Vaasan yliopisto,2018,507,4.10,0.75,2080
Tarjolla on ollut riittävästi ohjausta opintojen suunnitteluun.,Vaasan yliopisto,2018,507,3.97,0.84,2013
Olen ollut tyytyväinen vuorovaikutukseeni opetushenkilökunnan kanssa.,Vaasan yliopisto,2018,508,3.97,0.78,2017
Koulutuksen myötä kehittynyt osaamiseni vastaa odotuksiani.,Vaasan yliopisto,2018,507,3.88,0.76,1965
"Tarjolla on ollut riittävästi ohjausta kandidaatin tutkielman laatimiseen/opinnäytteen
tekemiseen.",Vaasan yliopisto,2018,508,3.97,0.96,2017
"Ongelmatilanteissa olen tarvittaessa löytänyt henkilön, jolta olen voinut pyytää neuvoa.",Vaasan yliopisto,2018,508,4.15,0.79,2108
Voin hyvin yliopistossani.,Åbo Akademi,2018,531,4.31,0.82,2290
Minun on ollut helppoa löytää opintoihini liittyvää tietoa ja tukea.,Åbo Akademi,2018,533,3.69,0.82,1966
Olen ollut  tyytyväinen käytettyihin opetusmenetelmiin.,Åbo Akademi,2018,533,3.72,0.82,1984
Koulutukseni on vastannut  sille asetettuja tavoitteita.,Åbo Akademi,2018,532,3.83,0.73,2038
Olen ollut tyytyväinen opinto-ohjelmani tarjoamiin vaikutus- ja osallistumismahdollisuuksiin (esim. opetussuunnitteluun osallistuminen ja palautteen antamisen mahdollisuudet).,Åbo Akademi,2018,533,3.42,0.94,1822
Opettajilta saamani palaute on auttanut minua opinnoissani.,Åbo Akademi,2018,530,3.51,0.88,1861
Olen tyytyväinen omaan opiskeluuni.,Åbo Akademi,2018,532,3.96,0.82,2107
Opetus on ollut  mielestäni pääosin laadukasta.,Åbo Akademi,2018,532,4.06,0.75,2159
Tarjolla on ollut riittävästi ohjausta opintojen suunnitteluun.,Åbo Akademi,2018,531,3.63,1.00,1929
Olen ollut tyytyväinen vuorovaikutukseeni opetushenkilökunnan kanssa.,Åbo Akademi,2018,531,4.16,0.78,2208
Koulutuksen myötä kehittynyt osaamiseni vastaa odotuksiani.,Åbo Akademi,2018,531,3.84,0.76,2038
"Tarjolla on ollut riittävästi ohjausta kandidaatin tutkielman laatimiseen/opinnäytteen
tekemiseen.",Åbo Akademi,2018,529,3.96,1.02,2093
"Ongelmatilanteissa olen tarvittaessa löytänyt henkilön, jolta olen voinut pyytää neuvoa.",Åbo Akademi,2018,532,4.29,0.80,2283
Voin hyvin yliopistossani.,Aalto-yliopisto,2019,1073,4.19,0.87,4493
Minun on ollut helppoa löytää opintoihini liittyvää tietoa ja tukea.,Aalto-yliopisto,2019,1075,3.81,0.83,4097
Olen ollut  tyytyväinen käytettyihin opetusmenetelmiin.,Aalto-yliopisto,2019,1074,3.87,0.72,4152
Koulutukseni on vastannut  sille asetettuja tavoitteita.,Aalto-yliopisto,2019,1070,3.84,0.77,4111
Olen ollut tyytyväinen opinto-ohjelmani tarjoamiin vaikutus- ja osallistumismahdollisuuksiin (esim. opetussuunnitteluun osallistuminen ja palautteen antamisen mahdollisuudet).,Aalto-yliopisto,2019,1071,3.69,0.87,3953
Opettajilta saamani palaute on auttanut minua opinnoissani.,Aalto-yliopisto,2019,1073,3.49,0.88,3747
Olen tyytyväinen omaan opiskeluuni.,Aalto-yliopisto,2019,1074,3.98,0.83,4273
Opetus on ollut  mielestäni pääosin laadukasta.,Aalto-yliopisto,2019,1070,4.09,0.77,4375
Tarjolla on ollut riittävästi ohjausta opintojen suunnitteluun.,Aalto-yliopisto,2019,1073,3.84,0.88,4122
Olen ollut tyytyväinen vuorovaikutukseeni opetushenkilökunnan kanssa.,Aalto-yliopisto,2019,1073,3.96,0.78,4252
Koulutuksen myötä kehittynyt osaamiseni vastaa odotuksiani.,Aalto-yliopisto,2019,1069,3.94,0.77,4214
"Tarjolla on ollut riittävästi ohjausta kandidaatin tutkielman laatimiseen/opinnäytteen
tekemiseen.",Aalto-yliopisto,2019,1070,4.10,0.90,4382
"Ongelmatilanteissa olen tarvittaessa löytänyt henkilön, jolta olen voinut pyytää neuvoa.",Aalto-yliopisto,2019,1071,4.13,0.81,4419
Voin hyvin yliopistossani.,Helsingin yliopisto,2019,1998,4.09,0.85,8177
Minun on ollut helppoa löytää opintoihini liittyvää tietoa ja tukea.,Helsingin yliopisto,2019,2002,3.35,0.94,6712
Olen ollut  tyytyväinen käytettyihin opetusmenetelmiin.,Helsingin yliopisto,2019,2002,3.71,0.82,7429
Koulutukseni on vastannut  sille asetettuja tavoitteita.,Helsingin yliopisto,2019,2003,3.69,0.79,7398
Olen ollut tyytyväinen opinto-ohjelmani tarjoamiin vaikutus- ja osallistumismahdollisuuksiin (esim. opetussuunnitteluun osallistuminen ja palautteen antamisen mahdollisuudet).,Helsingin yliopisto,2019,2002,3.36,0.94,6735
Opettajilta saamani palaute on auttanut minua opinnoissani.,Helsingin yliopisto,2019,2001,3.23,0.98,6466
Olen tyytyväinen omaan opiskeluuni.,Helsingin yliopisto,2019,2002,3.94,0.87,7889
Opetus on ollut  mielestäni pääosin laadukasta.,Helsingin yliopisto,2019,1996,4.06,0.81,8100
Tarjolla on ollut riittävästi ohjausta opintojen suunnitteluun.,Helsingin yliopisto,2019,2001,3.11,1.01,6232
Olen ollut tyytyväinen vuorovaikutukseeni opetushenkilökunnan kanssa.,Helsingin yliopisto,2019,2000,3.93,0.87,7869
Koulutuksen myötä kehittynyt osaamiseni vastaa odotuksiani.,Helsingin yliopisto,2019,1995,3.81,0.83,7591
"Tarjolla on ollut riittävästi ohjausta kandidaatin tutkielman laatimiseen/opinnäytteen
tekemiseen.",Helsingin yliopisto,2019,2003,3.85,1.02,7719
"Ongelmatilanteissa olen tarvittaessa löytänyt henkilön, jolta olen voinut pyytää neuvoa.",Helsingin yliopisto,2019,2001,3.76,0.96,7528
Voin hyvin yliopistossani.,Itä-Suomen Yliopisto,2019,1008,4.27,0.78,4304
Minun on ollut helppoa löytää opintoihini liittyvää tietoa ja tukea.,Itä-Suomen Yliopisto,2019,1006,3.81,0.82,3834
Olen ollut  tyytyväinen käytettyihin opetusmenetelmiin.,Itä-Suomen Yliopisto,2019,1005,3.79,0.77,3807
Koulutukseni on vastannut  sille asetettuja tavoitteita.,Itä-Suomen Yliopisto,2019,1002,3.88,0.76,3887
Olen ollut tyytyväinen opinto-ohjelmani tarjoamiin vaikutus- ja osallistumismahdollisuuksiin (esim. opetussuunnitteluun osallistuminen ja palautteen antamisen mahdollisuudet).,Itä-Suomen Yliopisto,2019,1008,3.64,0.88,3666
Opettajilta saamani palaute on auttanut minua opinnoissani.,Itä-Suomen Yliopisto,2019,1006,3.42,0.90,3441
Olen tyytyväinen omaan opiskeluuni.,Itä-Suomen Yliopisto,2019,1003,3.99,0.81,4002
Opetus on ollut  mielestäni pääosin laadukasta.,Itä-Suomen Yliopisto,2019,1007,4.16,0.73,4186
Tarjolla on ollut riittävästi ohjausta opintojen suunnitteluun.,Itä-Suomen Yliopisto,2019,1001,3.65,0.97,3657
Olen ollut tyytyväinen vuorovaikutukseeni opetushenkilökunnan kanssa.,Itä-Suomen Yliopisto,2019,1003,4.10,0.75,4115
Koulutuksen myötä kehittynyt osaamiseni vastaa odotuksiani.,Itä-Suomen Yliopisto,2019,1006,3.82,0.78,3847
"Tarjolla on ollut riittävästi ohjausta kandidaatin tutkielman laatimiseen/opinnäytteen
tekemiseen.",Itä-Suomen Yliopisto,2019,1004,3.89,1.03,3906
"Ongelmatilanteissa olen tarvittaessa löytänyt henkilön, jolta olen voinut pyytää neuvoa.",Itä-Suomen Yliopisto,2019,1005,4.16,0.82,4176
Voin hyvin yliopistossani.,Jyväskylän yliopisto,2019,973,4.31,0.77,4189
Minun on ollut helppoa löytää opintoihini liittyvää tietoa ja tukea.,Jyväskylän yliopisto,2019,972,3.90,0.83,3786
Olen ollut  tyytyväinen käytettyihin opetusmenetelmiin.,Jyväskylän yliopisto,2019,973,3.84,0.75,3734
Koulutukseni on vastannut  sille asetettuja tavoitteita.,Jyväskylän yliopisto,2019,973,3.94,0.74,3835
Olen ollut tyytyväinen opinto-ohjelmani tarjoamiin vaikutus- ja osallistumismahdollisuuksiin (esim. opetussuunnitteluun osallistuminen ja palautteen antamisen mahdollisuudet).,Jyväskylän yliopisto,2019,970,3.84,0.83,3723
Opettajilta saamani palaute on auttanut minua opinnoissani.,Jyväskylän yliopisto,2019,971,3.48,0.93,3378
Olen tyytyväinen omaan opiskeluuni.,Jyväskylän yliopisto,2019,970,4.04,0.83,3915
Opetus on ollut  mielestäni pääosin laadukasta.,Jyväskylän yliopisto,2019,971,4.22,0.71,4095
Tarjolla on ollut riittävästi ohjausta opintojen suunnitteluun.,Jyväskylän yliopisto,2019,972,3.84,1.04,3729
Olen ollut tyytyväinen vuorovaikutukseeni opetushenkilökunnan kanssa.,Jyväskylän yliopisto,2019,973,4.13,0.79,4018
Koulutuksen myötä kehittynyt osaamiseni vastaa odotuksiani.,Jyväskylän yliopisto,2019,968,3.82,0.81,3701
"Tarjolla on ollut riittävästi ohjausta kandidaatin tutkielman laatimiseen/opinnäytteen
tekemiseen.",Jyväskylän yliopisto,2019,972,4.17,0.96,4053
"Ongelmatilanteissa olen tarvittaessa löytänyt henkilön, jolta olen voinut pyytää neuvoa.",Jyväskylän yliopisto,2019,973,4.30,0.79,4182
Voin hyvin yliopistossani.,Lapin yliopisto,2019,428,4.19,0.82,1795
Minun on ollut helppoa löytää opintoihini liittyvää tietoa ja tukea.,Lapin yliopisto,2019,427,3.64,0.87,1556
Olen ollut  tyytyväinen käytettyihin opetusmenetelmiin.,Lapin yliopisto,2019,426,3.58,0.79,1525
Koulutukseni on vastannut  sille asetettuja tavoitteita.,Lapin yliopisto,2019,423,3.76,0.81,1592
Olen ollut tyytyväinen opinto-ohjelmani tarjoamiin vaikutus- ja osallistumismahdollisuuksiin (esim. opetussuunnitteluun osallistuminen ja palautteen antamisen mahdollisuudet).,Lapin yliopisto,2019,426,3.42,0.86,1457
Opettajilta saamani palaute on auttanut minua opinnoissani.,Lapin yliopisto,2019,427,3.43,0.93,1463
Olen tyytyväinen omaan opiskeluuni.,Lapin yliopisto,2019,429,3.93,0.85,1687
Opetus on ollut  mielestäni pääosin laadukasta.,Lapin yliopisto,2019,424,3.88,0.82,1644
Tarjolla on ollut riittävästi ohjausta opintojen suunnitteluun.,Lapin yliopisto,2019,426,3.21,0.98,1367
Olen ollut tyytyväinen vuorovaikutukseeni opetushenkilökunnan kanssa.,Lapin yliopisto,2019,426,3.92,0.84,1672
Koulutuksen myötä kehittynyt osaamiseni vastaa odotuksiani.,Lapin yliopisto,2019,428,3.80,0.81,1626
"Tarjolla on ollut riittävästi ohjausta kandidaatin tutkielman laatimiseen/opinnäytteen
tekemiseen.",Lapin yliopisto,2019,428,3.88,0.99,1662
"Ongelmatilanteissa olen tarvittaessa löytänyt henkilön, jolta olen voinut pyytää neuvoa.",Lapin yliopisto,2019,425,3.94,0.94,1676
Voin hyvin yliopistossani.,Lappeenrannan-Lahden teknillinen yliopisto,2019,436,4.29,0.76,1872
Minun on ollut helppoa löytää opintoihini liittyvää tietoa ja tukea.,Lappeenrannan-Lahden teknillinen yliopisto,2019,435,3.86,0.80,1680
Olen ollut  tyytyväinen käytettyihin opetusmenetelmiin.,Lappeenrannan-Lahden teknillinen yliopisto,2019,437,3.82,0.73,1669
Koulutukseni on vastannut  sille asetettuja tavoitteita.,Lappeenrannan-Lahden teknillinen yliopisto,2019,434,3.85,0.70,1673
Olen ollut tyytyväinen opinto-ohjelmani tarjoamiin vaikutus- ja osallistumismahdollisuuksiin (esim. opetussuunnitteluun osallistuminen ja palautteen antamisen mahdollisuudet).,Lappeenrannan-Lahden teknillinen yliopisto,2019,435,3.78,0.79,1645
Opettajilta saamani palaute on auttanut minua opinnoissani.,Lappeenrannan-Lahden teknillinen yliopisto,2019,435,3.30,0.88,1435
Olen tyytyväinen omaan opiskeluuni.,Lappeenrannan-Lahden teknillinen yliopisto,2019,435,3.84,0.89,1671
Opetus on ollut  mielestäni pääosin laadukasta.,Lappeenrannan-Lahden teknillinen yliopisto,2019,437,4.11,0.67,1797
Tarjolla on ollut riittävästi ohjausta opintojen suunnitteluun.,Lappeenrannan-Lahden teknillinen yliopisto,2019,435,3.85,0.87,1673
Olen ollut tyytyväinen vuorovaikutukseeni opetushenkilökunnan kanssa.,Lappeenrannan-Lahden teknillinen yliopisto,2019,437,4.05,0.75,1772
Koulutuksen myötä kehittynyt osaamiseni vastaa odotuksiani.,Lappeenrannan-Lahden teknillinen yliopisto,2019,436,3.89,0.77,1697
"Tarjolla on ollut riittävästi ohjausta kandidaatin tutkielman laatimiseen/opinnäytteen
tekemiseen.",Lappeenrannan-Lahden teknillinen yliopisto,2019,436,4.17,0.86,1819
"Ongelmatilanteissa olen tarvittaessa löytänyt henkilön, jolta olen voinut pyytää neuvoa.",Lappeenrannan-Lahden teknillinen yliopisto,2019,436,4.21,0.71,1834
Voin hyvin yliopistossani.,Oulun yliopisto,2019,1283,4.25,0.79,5454
Minun on ollut helppoa löytää opintoihini liittyvää tietoa ja tukea.,Oulun yliopisto,2019,1284,3.78,0.83,4849
Olen ollut  tyytyväinen käytettyihin opetusmenetelmiin.,Oulun yliopisto,2019,1286,3.74,0.78,4813
Koulutukseni on vastannut  sille asetettuja tavoitteita.,Oulun yliopisto,2019,1285,3.80,0.77,4889
Olen ollut tyytyväinen opinto-ohjelmani tarjoamiin vaikutus- ja osallistumismahdollisuuksiin (esim. opetussuunnitteluun osallistuminen ja palautteen antamisen mahdollisuudet).,Oulun yliopisto,2019,1286,3.59,0.89,4623
Opettajilta saamani palaute on auttanut minua opinnoissani.,Oulun yliopisto,2019,1284,3.33,0.92,4272
Olen tyytyväinen omaan opiskeluuni.,Oulun yliopisto,2019,1285,3.96,0.83,5084
Opetus on ollut  mielestäni pääosin laadukasta.,Oulun yliopisto,2019,1286,4.01,0.78,5159
Tarjolla on ollut riittävästi ohjausta opintojen suunnitteluun.,Oulun yliopisto,2019,1284,3.62,0.96,4648
Olen ollut tyytyväinen vuorovaikutukseeni opetushenkilökunnan kanssa.,Oulun yliopisto,2019,1285,4.04,0.80,5188
Koulutuksen myötä kehittynyt osaamiseni vastaa odotuksiani.,Oulun yliopisto,2019,1283,3.88,0.79,4974
"Tarjolla on ollut riittävästi ohjausta kandidaatin tutkielman laatimiseen/opinnäytteen
tekemiseen.",Oulun yliopisto,2019,1283,3.96,0.97,5081
"Ongelmatilanteissa olen tarvittaessa löytänyt henkilön, jolta olen voinut pyytää neuvoa.",Oulun yliopisto,2019,1283,4.14,0.83,5310
Voin hyvin yliopistossani.,Svenska handelshögskolan,2019,245,4.40,0.81,1077
Minun on ollut helppoa löytää opintoihini liittyvää tietoa ja tukea.,Svenska handelshögskolan,2019,246,3.93,0.77,968
Olen ollut  tyytyväinen käytettyihin opetusmenetelmiin.,Svenska handelshögskolan,2019,247,3.82,0.81,944
Koulutukseni on vastannut  sille asetettuja tavoitteita.,Svenska handelshögskolan,2019,246,4.03,0.65,992
Olen ollut tyytyväinen opinto-ohjelmani tarjoamiin vaikutus- ja osallistumismahdollisuuksiin (esim. opetussuunnitteluun osallistuminen ja palautteen antamisen mahdollisuudet).,Svenska handelshögskolan,2019,247,3.64,0.90,898
Opettajilta saamani palaute on auttanut minua opinnoissani.,Svenska handelshögskolan,2019,245,3.49,0.90,855
Olen tyytyväinen omaan opiskeluuni.,Svenska handelshögskolan,2019,247,4.14,0.78,1022
Opetus on ollut  mielestäni pääosin laadukasta.,Svenska handelshögskolan,2019,247,4.13,0.79,1020
Tarjolla on ollut riittävästi ohjausta opintojen suunnitteluun.,Svenska handelshögskolan,2019,247,3.88,0.92,959
Olen ollut tyytyväinen vuorovaikutukseeni opetushenkilökunnan kanssa.,Svenska handelshögskolan,2019,246,4.10,0.76,1008
Koulutuksen myötä kehittynyt osaamiseni vastaa odotuksiani.,Svenska handelshögskolan,2019,247,4.00,0.74,988
"Tarjolla on ollut riittävästi ohjausta kandidaatin tutkielman laatimiseen/opinnäytteen
tekemiseen.",Svenska handelshögskolan,2019,247,3.95,1.01,976
"Ongelmatilanteissa olen tarvittaessa löytänyt henkilön, jolta olen voinut pyytää neuvoa.",Svenska handelshögskolan,2019,247,4.20,0.80,1038
Voin hyvin yliopistossani.,Taideyliopisto,2019,182,3.97,0.89,722
Minun on ollut helppoa löytää opintoihini liittyvää tietoa ja tukea.,Taideyliopisto,2019,182,3.91,0.90,711
Olen ollut  tyytyväinen käytettyihin opetusmenetelmiin.,Taideyliopisto,2019,182,3.87,0.75,704
Koulutukseni on vastannut  sille asetettuja tavoitteita.,Taideyliopisto,2019,182,4.02,0.75,732
Olen ollut tyytyväinen opinto-ohjelmani tarjoamiin vaikutus- ja osallistumismahdollisuuksiin (esim. opetussuunnitteluun osallistuminen ja palautteen antamisen mahdollisuudet).,Taideyliopisto,2019,181,3.79,0.87,686
Opettajilta saamani palaute on auttanut minua opinnoissani.,Taideyliopisto,2019,182,4.15,0.77,756
Olen tyytyväinen omaan opiskeluuni.,Taideyliopisto,2019,181,4.15,0.84,751
Opetus on ollut  mielestäni pääosin laadukasta.,Taideyliopisto,2019,182,4.36,0.73,794
Tarjolla on ollut riittävästi ohjausta opintojen suunnitteluun.,Taideyliopisto,2019,182,3.85,0.96,701
Olen ollut tyytyväinen vuorovaikutukseeni opetushenkilökunnan kanssa.,Taideyliopisto,2019,182,4.27,0.73,777
Koulutuksen myötä kehittynyt osaamiseni vastaa odotuksiani.,Taideyliopisto,2019,182,4.08,0.72,742
"Tarjolla on ollut riittävästi ohjausta kandidaatin tutkielman laatimiseen/opinnäytteen
tekemiseen.",Taideyliopisto,2019,181,4.03,0.98,729
"Ongelmatilanteissa olen tarvittaessa löytänyt henkilön, jolta olen voinut pyytää neuvoa.",Taideyliopisto,2019,182,4.27,0.85,777
Voin hyvin yliopistossani.,Tampereen yliopisto,2019,1563,4.28,0.76,6694
Minun on ollut helppoa löytää opintoihini liittyvää tietoa ja tukea.,Tampereen yliopisto,2019,1560,3.63,0.83,5660
Olen ollut  tyytyväinen käytettyihin opetusmenetelmiin.,Tampereen yliopisto,2019,1559,3.76,0.75,5857
Koulutukseni on vastannut  sille asetettuja tavoitteita.,Tampereen yliopisto,2019,1557,3.77,0.74,5875
Olen ollut tyytyväinen opinto-ohjelmani tarjoamiin vaikutus- ja osallistumismahdollisuuksiin (esim. opetussuunnitteluun osallistuminen ja palautteen antamisen mahdollisuudet).,Tampereen yliopisto,2019,1557,3.58,0.88,5569
Opettajilta saamani palaute on auttanut minua opinnoissani.,Tampereen yliopisto,2019,1558,3.41,0.93,5307
Olen tyytyväinen omaan opiskeluuni.,Tampereen yliopisto,2019,1561,3.95,0.82,6171
Opetus on ollut  mielestäni pääosin laadukasta.,Tampereen yliopisto,2019,1561,4.03,0.78,6294
Tarjolla on ollut riittävästi ohjausta opintojen suunnitteluun.,Tampereen yliopisto,2019,1560,3.47,1.01,5411
Olen ollut tyytyväinen vuorovaikutukseeni opetushenkilökunnan kanssa.,Tampereen yliopisto,2019,1561,4.01,0.80,6259
Koulutuksen myötä kehittynyt osaamiseni vastaa odotuksiani.,Tampereen yliopisto,2019,1554,3.83,0.79,5950
"Tarjolla on ollut riittävästi ohjausta kandidaatin tutkielman laatimiseen/opinnäytteen
tekemiseen.",Tampereen yliopisto,2019,1559,4.02,0.98,6266
"Ongelmatilanteissa olen tarvittaessa löytänyt henkilön, jolta olen voinut pyytää neuvoa.",Tampereen yliopisto,2019,1562,4.05,0.87,6325
Voin hyvin yliopistossani.,Turun yliopisto,2019,1231,4.26,0.80,5244
Minun on ollut helppoa löytää opintoihini liittyvää tietoa ja tukea.,Turun yliopisto,2019,1227,3.75,0.83,4601
Olen ollut  tyytyväinen käytettyihin opetusmenetelmiin.,Turun yliopisto,2019,1231,3.73,0.78,4589
Koulutukseni on vastannut  sille asetettuja tavoitteita.,Turun yliopisto,2019,1231,3.76,0.78,4633
Olen ollut tyytyväinen opinto-ohjelmani tarjoamiin vaikutus- ja osallistumismahdollisuuksiin (esim. opetussuunnitteluun osallistuminen ja palautteen antamisen mahdollisuudet).,Turun yliopisto,2019,1229,3.55,0.90,4368
Opettajilta saamani palaute on auttanut minua opinnoissani.,Turun yliopisto,2019,1229,3.34,0.91,4105
Olen tyytyväinen omaan opiskeluuni.,Turun yliopisto,2019,1229,3.96,0.81,4872
Opetus on ollut  mielestäni pääosin laadukasta.,Turun yliopisto,2019,1230,4.09,0.76,5028
Tarjolla on ollut riittävästi ohjausta opintojen suunnitteluun.,Turun yliopisto,2019,1228,3.54,0.97,4347
Olen ollut tyytyväinen vuorovaikutukseeni opetushenkilökunnan kanssa.,Turun yliopisto,2019,1229,4.01,0.80,4924
Koulutuksen myötä kehittynyt osaamiseni vastaa odotuksiani.,Turun yliopisto,2019,1229,3.76,0.79,4619
"Tarjolla on ollut riittävästi ohjausta kandidaatin tutkielman laatimiseen/opinnäytteen
tekemiseen.",Turun yliopisto,2019,1231,3.86,1.02,4746
"Ongelmatilanteissa olen tarvittaessa löytänyt henkilön, jolta olen voinut pyytää neuvoa.",Turun yliopisto,2019,1229,4.08,0.82,5019
Voin hyvin yliopistossani.,Vaasan yliopisto,2019,473,4.32,0.76,2043
Minun on ollut helppoa löytää opintoihini liittyvää tietoa ja tukea.,Vaasan yliopisto,2019,470,3.88,0.84,1823
Olen ollut  tyytyväinen käytettyihin opetusmenetelmiin.,Vaasan yliopisto,2019,472,3.77,0.73,1779
Koulutukseni on vastannut  sille asetettuja tavoitteita.,Vaasan yliopisto,2019,471,3.91,0.77,1840
Olen ollut tyytyväinen opinto-ohjelmani tarjoamiin vaikutus- ja osallistumismahdollisuuksiin (esim. opetussuunnitteluun osallistuminen ja palautteen antamisen mahdollisuudet).,Vaasan yliopisto,2019,472,3.68,0.88,1736
Opettajilta saamani palaute on auttanut minua opinnoissani.,Vaasan yliopisto,2019,471,3.32,0.90,1566
Olen tyytyväinen omaan opiskeluuni.,Vaasan yliopisto,2019,472,4.00,0.84,1887
Opetus on ollut  mielestäni pääosin laadukasta.,Vaasan yliopisto,2019,470,4.16,0.73,1957
Tarjolla on ollut riittävästi ohjausta opintojen suunnitteluun.,Vaasan yliopisto,2019,473,3.90,0.91,1847
Olen ollut tyytyväinen vuorovaikutukseeni opetushenkilökunnan kanssa.,Vaasan yliopisto,2019,471,4.03,0.81,1896
Koulutuksen myötä kehittynyt osaamiseni vastaa odotuksiani.,Vaasan yliopisto,2019,472,3.91,0.74,1846
"Tarjolla on ollut riittävästi ohjausta kandidaatin tutkielman laatimiseen/opinnäytteen
tekemiseen.",Vaasan yliopisto,2019,472,3.93,0.99,1857
"Ongelmatilanteissa olen tarvittaessa löytänyt henkilön, jolta olen voinut pyytää neuvoa.",Vaasan yliopisto,2019,473,4.13,0.78,1955
Voin hyvin yliopistossani.,Åbo Akademi,2019,362,4.31,0.76,1561
Minun on ollut helppoa löytää opintoihini liittyvää tietoa ja tukea.,Åbo Akademi,2019,363,3.70,0.85,1343
Olen ollut  tyytyväinen käytettyihin opetusmenetelmiin.,Åbo Akademi,2019,363,3.82,0.77,1385
Koulutukseni on vastannut  sille asetettuja tavoitteita.,Åbo Akademi,2019,360,3.80,0.74,1369
Olen ollut tyytyväinen opinto-ohjelmani tarjoamiin vaikutus- ja osallistumismahdollisuuksiin (esim. opetussuunnitteluun osallistuminen ja palautteen antamisen mahdollisuudet).,Åbo Akademi,2019,362,3.61,0.89,1306
Opettajilta saamani palaute on auttanut minua opinnoissani.,Åbo Akademi,2019,361,3.53,0.94,1273
Olen tyytyväinen omaan opiskeluuni.,Åbo Akademi,2019,361,4.10,0.80,1479
Opetus on ollut  mielestäni pääosin laadukasta.,Åbo Akademi,2019,363,4.06,0.81,1472
Tarjolla on ollut riittävästi ohjausta opintojen suunnitteluun.,Åbo Akademi,2019,362,3.66,1.00,1324
Olen ollut tyytyväinen vuorovaikutukseeni opetushenkilökunnan kanssa.,Åbo Akademi,2019,363,4.16,0.77,1511
Koulutuksen myötä kehittynyt osaamiseni vastaa odotuksiani.,Åbo Akademi,2019,361,3.91,0.73,1410
"Tarjolla on ollut riittävästi ohjausta kandidaatin tutkielman laatimiseen/opinnäytteen
tekemiseen.",Åbo Akademi,2019,362,4.15,0.98,1502
"Ongelmatilanteissa olen tarvittaessa löytänyt henkilön, jolta olen voinut pyytää neuvoa.",Åbo Akademi,2019,360,4.34,0.76,1563
